as_of_date,entity_id,contract_id,portfolio,product,segment,balance,rate,origination_date,maturity_date
2024-12-31,entity_demo_001,LOAN-00000,CORPORATE,FIXED_RATE,PRIME,108668.47,0.0612,2016-04-01,2036-03-01
2024-12-31,entity_demo_001,LOAN-00001,CORPORATE,FIXED_RATE,FIRST_TIME_BUYER,50720.37,0.0519,2022-07-01,2047-01-01
2024-12-31,entity_demo_001,LOAN-00002,MORTGAGES,FIXED_RATE,NEAR_PRIME,45207.39,0.0141,2017-10-01,2045-01-01
2024-12-31,entity_demo_001,LOAN-00003,CORPORATE,FIXED_RATE,FIRST_TIME_BUYER,45208.29,0.0706,2011-08-01,2036-10-01
2024-12-31,entity_demo_001,LOAN-00004,CONSUMER,FIXED_RATE,NEAR_PRIME,398337.68,0.0114,2011-05-01,2039-03-01
2024-12-31,entity_demo_001,LOAN-00005,MORTGAGES,VARIABLE_RATE,PRIME,150380.15,0.0583,2022-02-01,2041-06-01
2024-12-31,entity_demo_001,LOAN-00006,CONSUMER,VARIABLE_RATE,PRIME,34085.62,0.015,2010-02-01,2046-07-01
2024-12-31,entity_demo_001,LOAN-00007,MORTGAGES,VARIABLE_RATE,FIRST_TIME_BUYER,114814.38,0.0151,2013-04-01,2047-12-01
2024-12-31,entity_demo_001,LOAN-00008,MORTGAGES,FIXED_RATE,NEAR_PRIME,80045.84,0.0402,2015-04-01,2031-02-01
2024-12-31,entity_demo_001,LOAN-00009,CONSUMER,VARIABLE_RATE,BUY_TO_LET,6027.36,0.021,2004-03-01,2040-06-01
2024-12-31,entity_demo_001,LOAN-00010,CONSUMER,FIXED_RATE,SUBPRIME,17758.2,0.0305,2004-10-01,2031-11-01
2024-12-31,entity_demo_001,LOAN-00011,MORTGAGES,FIXED_RATE,NEAR_PRIME,87299.22,0.0356,2010-05-01,2041-11-01
2024-12-31,entity_demo_001,LOAN-00012,CORPORATE,FIXED_RATE,SUBPRIME,347589.87,0.024,2023-01-01,2036-06-01
2024-12-31,entity_demo_001,LOAN-00013,CONSUMER,VARIABLE_RATE,PRIME,45664.13,0.0333,2018-12-01,2047-06-01
2024-12-31,entity_demo_001,LOAN-00014,MORTGAGES,VARIABLE_RATE,BUY_TO_LET,31155.33,0.0384,2004-03-01,2043-05-01
2024-12-31,entity_demo_001,LOAN-00015,MORTGAGES,FIXED_RATE,FIRST_TIME_BUYER,68398.56,0.0219,2007-12-01,2037-10-01
2024-12-31,entity_demo_001,LOAN-00016,CONSUMER,VARIABLE_RATE,SUBPRIME,29121.55,0.0426,2017-09-01,2033-08-01
2024-12-31,entity_demo_001,LOAN-00017,MORTGAGES,FIXED_RATE,PRIME,42191.22,0.0408,2020-03-01,2049-11-01
2024-12-31,entity_demo_001,LOAN-00018,CONSUMER,FIXED_RATE,BUY_TO_LET,58912.19,0.0124,2012-08-01,2048-09-01
2024-12-31,entity_demo_001,LOAN-00019,CONSUMER,FIXED_RATE,PRIME,16827.12,0.0737,2007-05-01,2053-11-01
2024-12-31,entity_demo_001,LOAN-00020,CONSUMER,FIXED_RATE,SUBPRIME,160661.33,0.0318,2011-08-01,2034-01-01
2024-12-31,entity_demo_001,LOAN-00021,CORPORATE,VARIABLE_RATE,FIRST_TIME_BUYER,13835.43,0.0336,2019-02-01,2045-11-01
2024-12-31,entity_demo_001,LOAN-00022,CONSUMER,FIXED_RATE,NEAR_PRIME,12163.28,0.0779,2013-03-01,2053-09-01
2024-12-31,entity_demo_001,LOAN-00023,CORPORATE,FIXED_RATE,FIRST_TIME_BUYER,75828.8,0.0643,2014-01-01,2044-02-01
2024-12-31,entity_demo_001,LOAN-00024,CONSUMER,VARIABLE_RATE,NEAR_PRIME,145242.48,0.0099,2023-10-01,2036-02-01
2024-12-31,entity_demo_001,LOAN-00025,MORTGAGES,VARIABLE_RATE,PRIME,73544.21,0.0158,2007-03-01,2053-03-01
2024-12-31,entity_demo_001,LOAN-00026,CORPORATE,VARIABLE_RATE,FIRST_TIME_BUYER,52115.73,0.0264,2019-09-01,2037-10-01
2024-12-31,entity_demo_001,LOAN-00027,CONSUMER,FIXED_RATE,FIRST_TIME_BUYER,41717.48,0.029,2018-05-01,2051-07-01
2024-12-31,entity_demo_001,LOAN-00028,CORPORATE,VARIABLE_RATE,BUY_TO_LET,34448.94,0.0205,2008-02-01,2043-04-01
2024-12-31,entity_demo_001,LOAN-00029,MORTGAGES,FIXED_RATE,SUBPRIME,212893.36,0.048,2024-09-01,2047-04-01
2024-12-31,entity_demo_001,LOAN-00030,CORPORATE,FIXED_RATE,PRIME,88335.8,0.0152,2022-11-01,2051-01-01
2024-12-31,entity_demo_001,LOAN-00031,MORTGAGES,FIXED_RATE,PRIME,37718.32,0.0791,2014-09-01,2031-04-01
2024-12-31,entity_demo_001,LOAN-00032,CONSUMER,VARIABLE_RATE,NEAR_PRIME,26574.13,0.0053,2007-12-01,2033-10-01
2024-12-31,entity_demo_001,LOAN-00033,CORPORATE,VARIABLE_RATE,NEAR_PRIME,124743.08,0.0499,2009-07-01,2054-04-01
2024-12-31,entity_demo_001,LOAN-00034,MORTGAGES,FIXED_RATE,BUY_TO_LET,206323.26,0.064,2013-07-01,2042-08-01
2024-12-31,entity_demo_001,LOAN-00035,CORPORATE,FIXED_RATE,PRIME,183053.94,0.0152,2023-12-01,2041-06-01
2024-12-31,entity_demo_001,LOAN-00036,MORTGAGES,FIXED_RATE,NEAR_PRIME,21871.48,0.0704,2018-08-01,2046-03-01
2024-12-31,entity_demo_001,LOAN-00037,CONSUMER,FIXED_RATE,SUBPRIME,41313.52,0.0536,2010-02-01,2036-08-01
2024-12-31,entity_demo_001,LOAN-00038,CORPORATE,FIXED_RATE,PRIME,33691.16,0.0318,2004-01-01,2046-02-01
2024-12-31,entity_demo_001,LOAN-00039,MORTGAGES,FIXED_RATE,BUY_TO_LET,47916.21,0.0328,2009-04-01,2044-07-01
2024-12-31,entity_demo_001,LOAN-00040,MORTGAGES,FIXED_RATE,BUY_TO_LET,158741.28,0.0721,2024-05-01,2041-08-01
2024-12-31,entity_demo_001,LOAN-00041,CONSUMER,VARIABLE_RATE,FIRST_TIME_BUYER,304823.45,0.031,2009-04-01,2033-05-01
2024-12-31,entity_demo_001,LOAN-00042,MORTGAGES,FIXED_RATE,FIRST_TIME_BUYER,92407.48,0.0633,2007-12-01,2030-06-01
2024-12-31,entity_demo_001,LOAN-00043,MORTGAGES,FIXED_RATE,FIRST_TIME_BUYER,27607.87,0.0493,2009-09-01,2045-03-01
2024-12-31,entity_demo_001,LOAN-00044,MORTGAGES,FIXED_RATE,NEAR_PRIME,57354.62,0.0466,2022-02-01,2048-11-01
2024-12-31,entity_demo_001,LOAN-00045,MORTGAGES,VARIABLE_RATE,PRIME,391434.07,0.0285,2006-10-01,2036-10-01
2024-12-31,entity_demo_001,LOAN-00046,MORTGAGES,FIXED_RATE,BUY_TO_LET,66466.71,0.032,2006-09-01,2047-06-01
2024-12-31,entity_demo_001,LOAN-00047,CONSUMER,FIXED_RATE,SUBPRIME,41822.56,0.0456,2017-07-01,2037-03-01
2024-12-31,entity_demo_001,LOAN-00048,CORPORATE,VARIABLE_RATE,BUY_TO_LET,45999.86,0.0276,2014-02-01,2053-01-01
2024-12-31,entity_demo_001,LOAN-00049,CONSUMER,FIXED_RATE,PRIME,91907.24,0.0629,2007-09-01,2035-05-01
2024-12-31,entity_demo_001,LOAN-00050,MORTGAGES,VARIABLE_RATE,PRIME,22692.91,0.0561,2017-05-01,2040-03-01
2024-12-31,entity_demo_001,LOAN-00051,CONSUMER,VARIABLE_RATE,FIRST_TIME_BUYER,32790.42,0.0494,2004-01-01,2045-11-01
2024-12-31,entity_demo_001,LOAN-00052,CORPORATE,VARIABLE_RATE,PRIME,179599.12,0.0492,2020-02-01,2037-02-01
2024-12-31,entity_demo_001,LOAN-00053,CORPORATE,FIXED_RATE,SUBPRIME,88831.92,0.0231,2015-04-01,2048-12-01
2024-12-31,entity_demo_001,LOAN-00054,CONSUMER,FIXED_RATE,SUBPRIME,67271.57,0.0665,2008-05-01,2044-01-01
2024-12-31,entity_demo_001,LOAN-00055,MORTGAGES,VARIABLE_RATE,SUBPRIME,191448.47,0.0543,2023-06-01,2029-03-01
2024-12-31,entity_demo_001,LOAN-00056,CORPORATE,VARIABLE_RATE,NEAR_PRIME,25784.69,0.0175,2010-12-01,2046-07-01
2024-12-31,entity_demo_001,LOAN-00057,CORPORATE,FIXED_RATE,PRIME,40408.9,0.0399,2022-03-01,2051-09-01
2024-12-31,entity_demo_001,LOAN-00058,MORTGAGES,VARIABLE_RATE,FIRST_TIME_BUYER,85420.75,0.0054,2007-07-01,2033-03-01
2024-12-31,entity_demo_001,LOAN-00059,MORTGAGES,VARIABLE_RATE,SUBPRIME,81900.99,0.0331,2023-04-01,2040-11-01
2024-12-31,entity_demo_001,LOAN-00060,MORTGAGES,FIXED_RATE,SUBPRIME,10955.04,0.0184,2007-10-01,2042-12-01
2024-12-31,entity_demo_001,LOAN-00061,MORTGAGES,FIXED_RATE,NEAR_PRIME,36142.53,0.0336,2019-01-01,2042-03-01
2024-12-31,entity_demo_001,LOAN-00062,CORPORATE,VARIABLE_RATE,BUY_TO_LET,49338.36,0.0335,2017-03-01,2037-12-01
2024-12-31,entity_demo_001,LOAN-00063,MORTGAGES,VARIABLE_RATE,PRIME,97232.57,0.0437,2009-04-01,2036-08-01
2024-12-31,entity_demo_001,LOAN-00064,CONSUMER,VARIABLE_RATE,NEAR_PRIME,81557.25,0.0579,2017-11-01,2029-04-01
2024-12-31,entity_demo_001,LOAN-00065,CONSUMER,VARIABLE_RATE,SUBPRIME,54757.24,0.0188,2022-05-01,2053-06-01
2024-12-31,entity_demo_001,LOAN-00066,CORPORATE,VARIABLE_RATE,FIRST_TIME_BUYER,5987.77,0.0207,2014-02-01,2029-05-01
2024-12-31,entity_demo_001,LOAN-00067,MORTGAGES,VARIABLE_RATE,PRIME,57999.13,0.007,2021-07-01,2048-06-01
2024-12-31,entity_demo_001,LOAN-00068,CORPORATE,VARIABLE_RATE,BUY_TO_LET,64361.84,0.0078,2005-02-01,2045-07-01
2024-12-31,entity_demo_001,LOAN-00069,CORPORATE,FIXED_RATE,SUBPRIME,1150710.96,0.0295,2023-07-01,2051-01-01
2024-12-31,entity_demo_001,LOAN-00070,CORPORATE,FIXED_RATE,SUBPRIME,47532.4,0.0201,2011-11-01,2031-06-01
2024-12-31,entity_demo_001,LOAN-00071,CORPORATE,VARIABLE_RATE,PRIME,85978.87,0.0319,2015-05-01,2045-11-01
2024-12-31,entity_demo_001,LOAN-00072,CONSUMER,VARIABLE_RATE,BUY_TO_LET,235952.87,0.0181,2015-03-01,2046-04-01
2024-12-31,entity_demo_001,LOAN-00073,CONSUMER,VARIABLE_RATE,NEAR_PRIME,147608.63,0.0451,2005-05-01,2047-07-01
2024-12-31,entity_demo_001,LOAN-00074,CORPORATE,FIXED_RATE,SUBPRIME,322337.1,0.0543,2015-07-01,2035-10-01
2024-12-31,entity_demo_001,LOAN-00075,CORPORATE,VARIABLE_RATE,BUY_TO_LET,11134.22,0.0345,2010-11-01,2043-04-01
2024-12-31,entity_demo_001,LOAN-00076,CORPORATE,VARIABLE_RATE,NEAR_PRIME,18239.71,0.0072,2022-09-01,2038-11-01
2024-12-31,entity_demo_001,LOAN-00077,CORPORATE,VARIABLE_RATE,PRIME,30346.69,0.0375,2017-05-01,2050-04-01
2024-12-31,entity_demo_001,LOAN-00078,MORTGAGES,FIXED_RATE,PRIME,9313.35,0.0552,2023-08-01,2036-10-01
2024-12-31,entity_demo_001,LOAN-00079,MORTGAGES,VARIABLE_RATE,BUY_TO_LET,65008.65,0.0146,2004-04-01,2047-12-01
2024-12-31,entity_demo_001,LOAN-00080,CORPORATE,VARIABLE_RATE,BUY_TO_LET,19864.53,0.0565,2012-03-01,2036-11-01
2024-12-31,entity_demo_001,LOAN-00081,CORPORATE,FIXED_RATE,PRIME,384585.45,0.0196,2011-03-01,2036-12-01
2024-12-31,entity_demo_001,LOAN-00082,CORPORATE,VARIABLE_RATE,PRIME,23390.75,0.0559,2007-02-01,2036-08-01
2024-12-31,entity_demo_001,LOAN-00083,MORTGAGES,VARIABLE_RATE,FIRST_TIME_BUYER,40681.4,0.0533,2007-06-01,2048-08-01
2024-12-31,entity_demo_001,LOAN-00084,CORPORATE,VARIABLE_RATE,FIRST_TIME_BUYER,158930.24,0.0499,2010-12-01,2034-08-01
2024-12-31,entity_demo_001,LOAN-00085,CONSUMER,VARIABLE_RATE,NEAR_PRIME,13670.05,0.0355,2004-09-01,2037-08-01
2024-12-31,entity_demo_001,LOAN-00086,CORPORATE,FIXED_RATE,SUBPRIME,8699.49,0.0165,2010-12-01,2031-05-01
2024-12-31,entity_demo_001,LOAN-00087,MORTGAGES,VARIABLE_RATE,SUBPRIME,74724.3,0.0543,2014-02-01,2046-03-01
2024-12-31,entity_demo_001,LOAN-00088,MORTGAGES,FIXED_RATE,BUY_TO_LET,81785.84,0.0337,2020-04-01,2051-02-01
2024-12-31,entity_demo_001,LOAN-00089,CONSUMER,VARIABLE_RATE,SUBPRIME,152999.12,0.0242,2007-07-01,2043-01-01
2024-12-31,entity_demo_001,LOAN-00090,MORTGAGES,VARIABLE_RATE,BUY_TO_LET,112008.48,0.0538,2006-01-01,2051-10-01
2024-12-31,entity_demo_001,LOAN-00091,CONSUMER,VARIABLE_RATE,PRIME,85509.4,0.0479,2013-07-01,2038-07-01
2024-12-31,entity_demo_001,LOAN-00092,CORPORATE,FIXED_RATE,BUY_TO_LET,26475.37,0.0213,2017-07-01,2037-08-01
2024-12-31,entity_demo_001,LOAN-00093,MORTGAGES,VARIABLE_RATE,SUBPRIME,79118.69,0.0544,2012-03-01,2052-08-01
2024-12-31,entity_demo_001,LOAN-00094,MORTGAGES,FIXED_RATE,BUY_TO_LET,85108.91,0.0104,2006-11-01,2047-01-01
2024-12-31,entity_demo_001,LOAN-00095,MORTGAGES,VARIABLE_RATE,NEAR_PRIME,25406.96,0.0138,2010-01-01,2034-05-01
2024-12-31,entity_demo_001,LOAN-00096,CONSUMER,VARIABLE_RATE,NEAR_PRIME,561815.85,0.0409,2010-06-01,2039-07-01
2024-12-31,entity_demo_001,LOAN-00097,CONSUMER,VARIABLE_RATE,SUBPRIME,105725.3,0.0173,2022-01-01,2044-12-01
2024-12-31,entity_demo_001,LOAN-00098,CORPORATE,FIXED_RATE,SUBPRIME,18590.05,0.0328,2017-02-01,2049-11-01
2024-12-31,entity_demo_001,LOAN-00099,MORTGAGES,FIXED_RATE,NEAR_PRIME,153968.22,0.0623,2018-10-01,2029-03-01
2024-12-31,entity_demo_001,LOAN-00100,MORTGAGES,FIXED_RATE,BUY_TO_LET,190241.83,0.056,2021-04-01,2047-08-01
2024-12-31,entity_demo_001,LOAN-00101,CORPORATE,VARIABLE_RATE,SUBPRIME,98256.54,0.0363,2019-10-01,2048-12-01
2024-12-31,entity_demo_001,LOAN-00102,CORPORATE,FIXED_RATE,NEAR_PRIME,44602.01,0.0286,2015-10-01,2032-01-01
2024-12-31,entity_demo_001,LOAN-00103,CONSUMER,VARIABLE_RATE,BUY_TO_LET,24234.11,0.0184,2018-10-01,2031-12-01
2024-12-31,entity_demo_001,LOAN-00104,CORPORATE,FIXED_RATE,PRIME,54583.01,0.0724,2015-10-01,2050-02-01
2024-12-31,entity_demo_001,LOAN-00105,CORPORATE,FIXED_RATE,SUBPRIME,90163.72,0.0542,2007-11-01,2042-06-01
2024-12-31,entity_demo_001,LOAN-00106,MORTGAGES,VARIABLE_RATE,PRIME,60815.64,0.0367,2011-02-01,2044-07-01
2024-12-31,entity_demo_001,LOAN-00107,CONSUMER,VARIABLE_RATE,NEAR_PRIME,342573.29,0.0321,2011-12-01,2034-09-01
2024-12-31,entity_demo_001,LOAN-00108,CORPORATE,VARIABLE_RATE,FIRST_TIME_BUYER,126855.11,0.0204,2007-08-01,2053-08-01
2024-12-31,entity_demo_001,LOAN-00109,CONSUMER,VARIABLE_RATE,SUBPRIME,21405.67,0.0063,2017-05-01,2031-08-01
2024-12-31,entity_demo_001,LOAN-00110,MORTGAGES,VARIABLE_RATE,FIRST_TIME_BUYER,16563.04,0.0567,2005-07-01,2050-06-01
2024-12-31,entity_demo_001,LOAN-00111,MORTGAGES,VARIABLE_RATE,SUBPRIME,106827.1,0.0575,2019-04-01,2044-06-01
2024-12-31,entity_demo_001,LOAN-00112,CONSUMER,VARIABLE_RATE,SUBPRIME,45791.08,0.0059,2005-05-01,2051-09-01
2024-12-31,entity_demo_001,LOAN-00113,MORTGAGES,FIXED_RATE,PRIME,141040.25,0.075,2017-07-01,2052-08-01
2024-12-31,entity_demo_001,LOAN-00114,CORPORATE,FIXED_RATE,BUY_TO_LET,105649.8,0.0775,2004-08-01,2051-08-01
2024-12-31,entity_demo_001,LOAN-00115,MORTGAGES,FIXED_RATE,SUBPRIME,54863.6,0.0697,2017-12-01,2041-04-01
2024-12-31,entity_demo_001,LOAN-00116,CONSUMER,VARIABLE_RATE,BUY_TO_LET,21673.54,0.0518,2007-06-01,2045-07-01
2024-12-31,entity_demo_001,LOAN-00117,CORPORATE,VARIABLE_RATE,SUBPRIME,9722.36,0.0224,2010-05-01,2037-05-01
2024-12-31,entity_demo_001,LOAN-00118,MORTGAGES,FIXED_RATE,NEAR_PRIME,77413.19,0.0755,2014-12-01,2032-09-01
2024-12-31,entity_demo_001,LOAN-00119,CORPORATE,FIXED_RATE,NEAR_PRIME,13428.22,0.0587,2018-08-01,2052-05-01
2024-12-31,entity_demo_001,LOAN-00120,CORPORATE,VARIABLE_RATE,PRIME,20730.7,0.0388,2018-04-01,2038-06-01
2024-12-31,entity_demo_001,LOAN-00121,MORTGAGES,VARIABLE_RATE,PRIME,72003.51,0.0595,2007-05-01,2033-01-01
2024-12-31,entity_demo_001,LOAN-00122,MORTGAGES,VARIABLE_RATE,NEAR_PRIME,64205.9,0.0533,2004-08-01,2053-02-01
2024-12-31,entity_demo_001,LOAN-00123,MORTGAGES,VARIABLE_RATE,BUY_TO_LET,15190.65,0.0457,2009-06-01,2043-03-01
2024-12-31,entity_demo_001,LOAN-00124,MORTGAGES,VARIABLE_RATE,BUY_TO_LET,219621.63,0.0248,2021-07-01,2031-08-01
2024-12-31,entity_demo_001,LOAN-00125,MORTGAGES,FIXED_RATE,NEAR_PRIME,212046.84,0.0306,2020-10-01,2054-05-01
2024-12-31,entity_demo_001,LOAN-00126,MORTGAGES,FIXED_RATE,PRIME,111084.04,0.0707,2007-07-01,2053-10-01
2024-12-31,entity_demo_001,LOAN-00127,CORPORATE,FIXED_RATE,FIRST_TIME_BUYER,110917.63,0.0739,2012-08-01,2043-05-01
2024-12-31,entity_demo_001,LOAN-00128,CORPORATE,VARIABLE_RATE,SUBPRIME,111085.7,0.0489,2006-01-01,2048-10-01
2024-12-31,entity_demo_001,LOAN-00129,CORPORATE,FIXED_RATE,NEAR_PRIME,6096819.43,0.0555,2004-05-01,2035-11-01
2024-12-31,entity_demo_001,LOAN-00130,MORTGAGES,FIXED_RATE,NEAR_PRIME,188113.75,0.0723,2019-02-01,2046-03-01
2024-12-31,entity_demo_001,LOAN-00131,MORTGAGES,VARIABLE_RATE,BUY_TO_LET,130832.02,0.0236,2005-05-01,2044-01-01
2024-12-31,entity_demo_001,LOAN-00132,MORTGAGES,VARIABLE_RATE,SUBPRIME,23685.3,0.0368,2010-11-01,2031-04-01
2024-12-31,entity_demo_001,LOAN-00133,CONSUMER,FIXED_RATE,BUY_TO_LET,45063.04,0.0125,2021-04-01,2046-11-01
2024-12-31,entity_demo_001,LOAN-00134,MORTGAGES,VARIABLE_RATE,NEAR_PRIME,962789.69,0.0208,2022-03-01,2030-05-01
2024-12-31,entity_demo_001,LOAN-00135,CORPORATE,VARIABLE_RATE,BUY_TO_LET,6369.54,0.0375,2021-12-01,2043-05-01
2024-12-31,entity_demo_001,LOAN-00136,CORPORATE,VARIABLE_RATE,SUBPRIME,33985.25,0.012,2008-08-01,2046-08-01
2024-12-31,entity_demo_001,LOAN-00137,MORTGAGES,FIXED_RATE,BUY_TO_LET,221181.9,0.0466,2014-05-01,2048-01-01
2024-12-31,entity_demo_001,LOAN-00138,MORTGAGES,FIXED_RATE,FIRST_TIME_BUYER,25377.94,0.0536,2006-11-01,2029-05-01
2024-12-31,entity_demo_001,LOAN-00139,CORPORATE,FIXED_RATE,NEAR_PRIME,135336.2,0.016,2009-11-01,2045-08-01
2024-12-31,entity_demo_001,LOAN-00140,CONSUMER,FIXED_RATE,FIRST_TIME_BUYER,63239.62,0.0478,2011-08-01,2049-02-01
2024-12-31,entity_demo_001,LOAN-00141,CONSUMER,VARIABLE_RATE,BUY_TO_LET,27394.01,0.0401,2014-11-01,2039-02-01
2024-12-31,entity_demo_001,LOAN-00142,MORTGAGES,VARIABLE_RATE,BUY_TO_LET,5270.23,0.0487,2009-11-01,2038-07-01
2024-12-31,entity_demo_001,LOAN-00143,CORPORATE,FIXED_RATE,BUY_TO_LET,74887.72,0.029,2022-05-01,2039-06-01
2024-12-31,entity_demo_001,LOAN-00144,MORTGAGES,VARIABLE_RATE,FIRST_TIME_BUYER,23132.07,0.0064,2024-09-01,2050-08-01
2024-12-31,entity_demo_001,LOAN-00145,CONSUMER,FIXED_RATE,NEAR_PRIME,52172.78,0.0774,2008-10-01,2040-08-01
2024-12-31,entity_demo_001,LOAN-00146,CORPORATE,VARIABLE_RATE,PRIME,109752.68,0.0275,2018-09-01,2037-03-01
2024-12-31,entity_demo_001,LOAN-00147,CONSUMER,VARIABLE_RATE,BUY_TO_LET,169211.76,0.0145,2021-11-01,2029-10-01
2024-12-31,entity_demo_001,LOAN-00148,MORTGAGES,FIXED_RATE,SUBPRIME,33862.57,0.0484,2007-09-01,2029-07-01
2024-12-31,entity_demo_001,LOAN-00149,MORTGAGES,FIXED_RATE,PRIME,27337.23,0.06,2010-11-01,2032-03-01
2024-12-31,entity_demo_001,LOAN-00150,CONSUMER,VARIABLE_RATE,FIRST_TIME_BUYER,13186.37,0.0575,2016-08-01,2042-08-01
2024-12-31,entity_demo_001,LOAN-00151,MORTGAGES,VARIABLE_RATE,FIRST_TIME_BUYER,180130.04,0.0456,2020-04-01,2041-10-01
2024-12-31,entity_demo_001,LOAN-00152,CORPORATE,FIXED_RATE,PRIME,764202.0,0.0394,2016-07-01,2053-06-01
2024-12-31,entity_demo_001,LOAN-00153,CORPORATE,VARIABLE_RATE,PRIME,206686.48,0.0186,2015-05-01,2052-10-01
2024-12-31,entity_demo_001,LOAN-00154,CORPORATE,VARIABLE_RATE,NEAR_PRIME,273838.39,0.0058,2010-08-01,2046-06-01
2024-12-31,entity_demo_001,LOAN-00155,CONSUMER,VARIABLE_RATE,BUY_TO_LET,25611.5,0.0114,2014-12-01,2035-04-01
2024-12-31,entity_demo_001,LOAN-00156,CORPORATE,VARIABLE_RATE,NEAR_PRIME,101985.23,0.0311,2011-06-01,2030-12-01
2024-12-31,entity_demo_001,LOAN-00157,CONSUMER,VARIABLE_RATE,BUY_TO_LET,151684.94,0.0104,2004-08-01,2033-01-01
2024-12-31,entity_demo_001,LOAN-00158,MORTGAGES,VARIABLE_RATE,PRIME,1224.73,0.0145,2010-09-01,2032-08-01
2024-12-31,entity_demo_001,LOAN-00159,MORTGAGES,FIXED_RATE,BUY_TO_LET,17513.63,0.0404,2004-02-01,2033-08-01
2024-12-31,entity_demo_001,LOAN-00160,CONSUMER,VARIABLE_RATE,FIRST_TIME_BUYER,424596.07,0.0399,2012-02-01,2049-06-01
2024-12-31,entity_demo_001,LOAN-00161,CORPORATE,VARIABLE_RATE,SUBPRIME,10762.58,0.0075,2004-08-01,2051-09-01
2024-12-31,entity_demo_001,LOAN-00162,MORTGAGES,FIXED_RATE,NEAR_PRIME,337569.92,0.0452,2004-05-01,2050-04-01
2024-12-31,entity_demo_001,LOAN-00163,CORPORATE,FIXED_RATE,BUY_TO_LET,10688.95,0.07,2021-11-01,2053-12-01
2024-12-31,entity_demo_001,LOAN-00164,MORTGAGES,VARIABLE_RATE,NEAR_PRIME,18438.38,0.0089,2015-01-01,2029-06-01
2024-12-31,entity_demo_001,LOAN-00165,MORTGAGES,VARIABLE_RATE,SUBPRIME,104247.61,0.0403,2013-03-01,2042-04-01
2024-12-31,entity_demo_001,LOAN-00166,CORPORATE,VARIABLE_RATE,FIRST_TIME_BUYER,65105.38,0.0567,2019-03-01,2034-02-01
2024-12-31,entity_demo_001,LOAN-00167,CORPORATE,VARIABLE_RATE,FIRST_TIME_BUYER,37707.85,0.0367,2017-10-01,2044-03-01
2024-12-31,entity_demo_001,LOAN-00168,MORTGAGES,VARIABLE_RATE,SUBPRIME,401603.35,0.0302,2010-11-01,2037-01-01
2024-12-31,entity_demo_001,LOAN-00169,CONSUMER,VARIABLE_RATE,FIRST_TIME_BUYER,13556.5,0.035,2019-08-01,2031-06-01
2024-12-31,entity_demo_001,LOAN-00170,CORPORATE,VARIABLE_RATE,BUY_TO_LET,49904.07,0.0579,2016-05-01,2043-04-01
2024-12-31,entity_demo_001,LOAN-00171,CONSUMER,VARIABLE_RATE,PRIME,121294.97,0.0548,2017-10-01,2041-06-01
2024-12-31,entity_demo_001,LOAN-00172,CORPORATE,VARIABLE_RATE,SUBPRIME,83884.01,0.0089,2024-07-01,2050-05-01
2024-12-31,entity_demo_001,LOAN-00173,MORTGAGES,FIXED_RATE,FIRST_TIME_BUYER,28360.73,0.0323,2009-04-01,2038-10-01
2024-12-31,entity_demo_001,LOAN-00174,CONSUMER,FIXED_RATE,NEAR_PRIME,29518.2,0.0183,2005-11-01,2037-12-01
2024-12-31,entity_demo_001,LOAN-00175,CORPORATE,FIXED_RATE,PRIME,165963.39,0.0588,2004-01-01,2049-05-01
2024-12-31,entity_demo_001,LOAN-00176,CONSUMER,FIXED_RATE,FIRST_TIME_BUYER,176225.53,0.0615,2013-03-01,2052-02-01
2024-12-31,entity_demo_001,LOAN-00177,CONSUMER,VARIABLE_RATE,BUY_TO_LET,86574.4,0.0492,2019-03-01,2035-09-01
2024-12-31,entity_demo_001,LOAN-00178,CONSUMER,VARIABLE_RATE,NEAR_PRIME,22141.43,0.0463,2016-05-01,2044-12-01
2024-12-31,entity_demo_001,LOAN-00179,CONSUMER,FIXED_RATE,BUY_TO_LET,30570.25,0.0665,2022-04-01,2033-11-01
2024-12-31,entity_demo_001,LOAN-00180,CORPORATE,VARIABLE_RATE,FIRST_TIME_BUYER,58391.06,0.0255,2013-07-01,2031-01-01
2024-12-31,entity_demo_001,LOAN-00181,CONSUMER,FIXED_RATE,BUY_TO_LET,68926.28,0.0643,2013-12-01,2050-11-01
2024-12-31,entity_demo_001,LOAN-00182,CONSUMER,VARIABLE_RATE,SUBPRIME,115441.23,0.0522,2021-04-01,2050-08-01
2024-12-31,entity_demo_001,LOAN-00183,MORTGAGES,VARIABLE_RATE,FIRST_TIME_BUYER,46974.91,0.0286,2017-02-01,2049-11-01
2024-12-31,entity_demo_001,LOAN-00184,CONSUMER,VARIABLE_RATE,BUY_TO_LET,161215.88,0.0107,2021-01-01,2033-01-01
2024-12-31,entity_demo_001,LOAN-00185,CONSUMER,VARIABLE_RATE,PRIME,158928.8,0.0546,2021-09-01,2036-03-01
2024-12-31,entity_demo_001,LOAN-00186,CONSUMER,VARIABLE_RATE,SUBPRIME,286809.8,0.0226,2007-10-01,2042-12-01
2024-12-31,entity_demo_001,LOAN-00187,CORPORATE,FIXED_RATE,BUY_TO_LET,61402.43,0.0727,2004-08-01,2032-10-01
2024-12-31,entity_demo_001,LOAN-00188,CONSUMER,VARIABLE_RATE,PRIME,88344.54,0.0573,2013-08-01,2035-08-01
2024-12-31,entity_demo_001,LOAN-00189,MORTGAGES,VARIABLE_RATE,PRIME,51217.08,0.0365,2013-11-01,2046-06-01
2024-12-31,entity_demo_001,LOAN-00190,MORTGAGES,VARIABLE_RATE,SUBPRIME,22429.56,0.0211,2018-08-01,2032-02-01
2024-12-31,entity_demo_001,LOAN-00191,CORPORATE,FIXED_RATE,FIRST_TIME_BUYER,737384.49,0.033,2024-06-01,2030-04-01
2024-12-31,entity_demo_001,LOAN-00192,MORTGAGES,FIXED_RATE,PRIME,240321.54,0.0654,2007-10-01,2035-04-01
2024-12-31,entity_demo_001,LOAN-00193,MORTGAGES,VARIABLE_RATE,NEAR_PRIME,154816.41,0.0484,2005-05-01,2029-03-01
2024-12-31,entity_demo_001,LOAN-00194,MORTGAGES,VARIABLE_RATE,NEAR_PRIME,59000.66,0.0082,2021-01-01,2050-03-01
2024-12-31,entity_demo_001,LOAN-00195,MORTGAGES,VARIABLE_RATE,NEAR_PRIME,20400.09,0.0352,2006-01-01,2039-03-01
2024-12-31,entity_demo_001,LOAN-00196,CONSUMER,FIXED_RATE,NEAR_PRIME,192941.76,0.0346,2011-02-01,2045-12-01
2024-12-31,entity_demo_001,LOAN-00197,MORTGAGES,VARIABLE_RATE,BUY_TO_LET,50188.0,0.0114,2013-10-01,2045-02-01
2024-12-31,entity_demo_001,LOAN-00198,CONSUMER,FIXED_RATE,FIRST_TIME_BUYER,98274.29,0.0533,2023-11-01,2052-09-01
2024-12-31,entity_demo_001,LOAN-00199,CONSUMER,VARIABLE_RATE,PRIME,30440.54,0.0106,2023-07-01,2044-07-01
2024-12-31,entity_demo_001,LOAN-00200,CORPORATE,FIXED_RATE,BUY_TO_LET,80334.94,0.0151,2010-02-01,2031-06-01
2024-12-31,entity_demo_001,LOAN-00201,CORPORATE,FIXED_RATE,PRIME,32586.98,0.0675,2020-10-01,2037-11-01
2024-12-31,entity_demo_001,LOAN-00202,CORPORATE,VARIABLE_RATE,BUY_TO_LET,34021.71,0.0097,2005-05-01,2045-08-01
2024-12-31,entity_demo_001,LOAN-00203,CORPORATE,VARIABLE_RATE,PRIME,79099.35,0.0593,2021-11-01,2049-09-01
2024-12-31,entity_demo_001,LOAN-00204,CORPORATE,FIXED_RATE,BUY_TO_LET,10533.32,0.0669,2010-07-01,2036-06-01
2024-12-31,entity_demo_001,LOAN-00205,CONSUMER,VARIABLE_RATE,BUY_TO_LET,11059.48,0.0571,2021-07-01,2039-06-01
2024-12-31,entity_demo_001,LOAN-00206,CORPORATE,VARIABLE_RATE,SUBPRIME,25282.48,0.0477,2020-08-01,2050-02-01
2024-12-31,entity_demo_001,LOAN-00207,MORTGAGES,FIXED_RATE,PRIME,46344.76,0.0491,2011-12-01,2032-12-01
2024-12-31,entity_demo_001,LOAN-00208,CONSUMER,FIXED_RATE,FIRST_TIME_BUYER,167575.88,0.0178,2023-09-01,2047-09-01
2024-12-31,entity_demo_001,LOAN-00209,CONSUMER,FIXED_RATE,BUY_TO_LET,49418.19,0.0445,2013-07-01,2050-12-01
2024-12-31,entity_demo_001,LOAN-00210,MORTGAGES,VARIABLE_RATE,FIRST_TIME_BUYER,58558.66,0.0081,2015-02-01,2040-10-01
2024-12-31,entity_demo_001,LOAN-00211,CORPORATE,FIXED_RATE,NEAR_PRIME,42345.17,0.0183,2009-02-01,2036-06-01
2024-12-31,entity_demo_001,LOAN-00212,CORPORATE,VARIABLE_RATE,PRIME,88191.18,0.046,2016-04-01,2047-07-01
2024-12-31,entity_demo_001,LOAN-00213,CORPORATE,FIXED_RATE,FIRST_TIME_BUYER,22188.35,0.0508,2016-03-01,2029-05-01
2024-12-31,entity_demo_001,LOAN-00214,CORPORATE,VARIABLE_RATE,SUBPRIME,52548.29,0.0207,2013-03-01,2029-03-01
2024-12-31,entity_demo_001,LOAN-00215,CORPORATE,VARIABLE_RATE,PRIME,96960.03,0.0528,2020-11-01,2052-01-01
2024-12-31,entity_demo_001,LOAN-00216,MORTGAGES,FIXED_RATE,BUY_TO_LET,78347.63,0.0152,2011-06-01,2043-03-01
2024-12-31,entity_demo_001,LOAN-00217,CONSUMER,VARIABLE_RATE,SUBPRIME,60785.76,0.0355,2006-02-01,2048-01-01
2024-12-31,entity_demo_001,LOAN-00218,MORTGAGES,FIXED_RATE,FIRST_TIME_BUYER,61661.33,0.0541,2023-02-01,2050-05-01
2024-12-31,entity_demo_001,LOAN-00219,CONSUMER,VARIABLE_RATE,BUY_TO_LET,108836.06,0.0433,2005-07-01,2043-05-01
2024-12-31,entity_demo_001,LOAN-00220,MORTGAGES,FIXED_RATE,SUBPRIME,793190.7,0.0509,2011-05-01,2032-11-01
2024-12-31,entity_demo_001,LOAN-00221,CORPORATE,VARIABLE_RATE,FIRST_TIME_BUYER,23841.5,0.0546,2015-04-01,2030-07-01
2024-12-31,entity_demo_001,LOAN-00222,CORPORATE,FIXED_RATE,PRIME,828824.34,0.0294,2018-04-01,2038-03-01
2024-12-31,entity_demo_001,LOAN-00223,CONSUMER,VARIABLE_RATE,SUBPRIME,22698.23,0.0153,2021-08-01,2029-12-01
2024-12-31,entity_demo_001,LOAN-00224,CONSUMER,FIXED_RATE,NEAR_PRIME,4681.27,0.0509,2012-12-01,2046-04-01
2024-12-31,entity_demo_001,LOAN-00225,CORPORATE,VARIABLE_RATE,PRIME,31859.6,0.0093,2012-01-01,2052-07-01
2024-12-31,entity_demo_001,LOAN-00226,MORTGAGES,VARIABLE_RATE,PRIME,90229.09,0.022,2014-07-01,2047-10-01
2024-12-31,entity_demo_001,LOAN-00227,CONSUMER,VARIABLE_RATE,SUBPRIME,568868.74,0.0498,2021-01-01,2041-06-01
2024-12-31,entity_demo_001,LOAN-00228,MORTGAGES,VARIABLE_RATE,SUBPRIME,20371.71,0.0551,2022-02-01,2042-04-01
2024-12-31,entity_demo_001,LOAN-00229,CONSUMER,VARIABLE_RATE,FIRST_TIME_BUYER,108044.99,0.0502,2022-05-01,2041-12-01
2024-12-31,entity_demo_001,LOAN-00230,CONSUMER,FIXED_RATE,SUBPRIME,12279.91,0.0753,2019-09-01,2031-11-01
2024-12-31,entity_demo_001,LOAN-00231,MORTGAGES,FIXED_RATE,SUBPRIME,539150.76,0.0706,2013-11-01,2052-03-01
2024-12-31,entity_demo_001,LOAN-00232,MORTGAGES,FIXED_RATE,NEAR_PRIME,246551.99,0.0791,2016-03-01,2035-10-01
2024-12-31,entity_demo_001,LOAN-00233,MORTGAGES,FIXED_RATE,NEAR_PRIME,34097.84,0.0205,2004-08-01,2044-10-01
2024-12-31,entity_demo_001,LOAN-00234,CORPORATE,VARIABLE_RATE,FIRST_TIME_BUYER,7663.61,0.0583,2004-10-01,2049-06-01
2024-12-31,entity_demo_001,LOAN-00235,CORPORATE,VARIABLE_RATE,NEAR_PRIME,303958.62,0.0513,2010-08-01,2031-08-01
2024-12-31,entity_demo_001,LOAN-00236,CORPORATE,VARIABLE_RATE,SUBPRIME,52185.09,0.0278,2006-06-01,2030-09-01
2024-12-31,entity_demo_001,LOAN-00237,MORTGAGES,VARIABLE_RATE,BUY_TO_LET,264442.62,0.02,2010-01-01,2030-06-01
2024-12-31,entity_demo_001,LOAN-00238,CONSUMER,FIXED_RATE,PRIME,60252.08,0.0638,2005-09-01,2048-07-01
2024-12-31,entity_demo_001,LOAN-00239,CONSUMER,FIXED_RATE,BUY_TO_LET,63346.61,0.0761,2006-04-01,2049-06-01
2024-12-31,entity_demo_001,LOAN-00240,CORPORATE,VARIABLE_RATE,FIRST_TIME_BUYER,34888.81,0.0298,2020-08-01,2030-02-01
2024-12-31,entity_demo_001,LOAN-00241,CONSUMER,FIXED_RATE,FIRST_TIME_BUYER,126426.95,0.019,2004-01-01,2034-04-01
2024-12-31,entity_demo_001,LOAN-00242,CORPORATE,VARIABLE_RATE,BUY_TO_LET,69172.23,0.0176,2008-10-01,2045-03-01
2024-12-31,entity_demo_001,LOAN-00243,CONSUMER,VARIABLE_RATE,SUBPRIME,111004.56,0.0419,2012-06-01,2042-11-01
2024-12-31,entity_demo_001,LOAN-00244,CORPORATE,FIXED_RATE,SUBPRIME,9500.15,0.0179,2022-02-01,2039-09-01
2024-12-31,entity_demo_001,LOAN-00245,CORPORATE,VARIABLE_RATE,SUBPRIME,277399.0,0.0419,2016-11-01,2052-10-01
2024-12-31,entity_demo_001,LOAN-00246,MORTGAGES,VARIABLE_RATE,PRIME,385147.77,0.0336,2006-03-01,2050-06-01
2024-12-31,entity_demo_001,LOAN-00247,CONSUMER,VARIABLE_RATE,NEAR_PRIME,68789.72,0.0519,2005-02-01,2051-05-01
2024-12-31,entity_demo_001,LOAN-00248,CORPORATE,VARIABLE_RATE,SUBPRIME,709912.86,0.0532,2020-12-01,2050-12-01
2024-12-31,entity_demo_001,LOAN-00249,CORPORATE,FIXED_RATE,BUY_TO_LET,492086.12,0.0382,2008-01-01,2040-06-01
2024-12-31,entity_demo_001,LOAN-00250,CONSUMER,FIXED_RATE,NEAR_PRIME,129891.03,0.0593,2014-08-01,2053-04-01
2024-12-31,entity_demo_001,LOAN-00251,MORTGAGES,FIXED_RATE,NEAR_PRIME,309389.99,0.0249,2022-02-01,2038-09-01
2024-12-31,entity_demo_001,LOAN-00252,CORPORATE,FIXED_RATE,SUBPRIME,213226.31,0.0375,2005-10-01,2033-07-01
2024-12-31,entity_demo_001,LOAN-00253,MORTGAGES,FIXED_RATE,NEAR_PRIME,7255.48,0.0406,2005-03-01,2054-12-01
2024-12-31,entity_demo_001,LOAN-00254,CONSUMER,FIXED_RATE,BUY_TO_LET,43334.82,0.046,2013-12-01,2050-04-01
2024-12-31,entity_demo_001,LOAN-00255,CONSUMER,VARIABLE_RATE,BUY_TO_LET,141640.96,0.0481,2017-04-01,2046-05-01
2024-12-31,entity_demo_001,LOAN-00256,CONSUMER,FIXED_RATE,SUBPRIME,422666.47,0.0704,2006-08-01,2043-05-01
2024-12-31,entity_demo_001,LOAN-00257,CONSUMER,VARIABLE_RATE,NEAR_PRIME,11428.65,0.0572,2018-10-01,2054-03-01
2024-12-31,entity_demo_001,LOAN-00258,CONSUMER,FIXED_RATE,BUY_TO_LET,7753.82,0.0421,2013-02-01,2046-12-01
2024-12-31,entity_demo_001,LOAN-00259,CORPORATE,FIXED_RATE,SUBPRIME,56013.21,0.0786,2022-03-01,2053-05-01
2024-12-31,entity_demo_001,LOAN-00260,CONSUMER,FIXED_RATE,BUY_TO_LET,5009.39,0.0543,2022-08-01,2036-06-01
2024-12-31,entity_demo_001,LOAN-00261,MORTGAGES,VARIABLE_RATE,PRIME,53801.46,0.0182,2012-06-01,2045-04-01
2024-12-31,entity_demo_001,LOAN-00262,CONSUMER,FIXED_RATE,SUBPRIME,92959.38,0.0227,2017-06-01,2029-02-01
2024-12-31,entity_demo_001,LOAN-00263,CORPORATE,VARIABLE_RATE,NEAR_PRIME,19382.86,0.024,2020-05-01,2030-08-01
2024-12-31,entity_demo_001,LOAN-00264,CORPORATE,FIXED_RATE,BUY_TO_LET,55535.91,0.0567,2010-01-01,2048-02-01
2024-12-31,entity_demo_001,LOAN-00265,MORTGAGES,VARIABLE_RATE,NEAR_PRIME,188371.39,0.0145,2020-12-01,2046-10-01
2024-12-31,entity_demo_001,LOAN-00266,CORPORATE,VARIABLE_RATE,PRIME,31687.92,0.0147,2015-05-01,2036-02-01
2024-12-31,entity_demo_001,LOAN-00267,MORTGAGES,FIXED_RATE,BUY_TO_LET,23122.3,0.0162,2004-10-01,2054-08-01
2024-12-31,entity_demo_001,LOAN-00268,MORTGAGES,FIXED_RATE,BUY_TO_LET,52657.48,0.0244,2005-01-01,2046-11-01
2024-12-31,entity_demo_001,LOAN-00269,CORPORATE,FIXED_RATE,NEAR_PRIME,17286.99,0.0355,2015-01-01,2042-10-01
2024-12-31,entity_demo_001,LOAN-00270,CONSUMER,FIXED_RATE,FIRST_TIME_BUYER,632648.44,0.0128,2011-11-01,2034-11-01
2024-12-31,entity_demo_001,LOAN-00271,MORTGAGES,VARIABLE_RATE,PRIME,62462.16,0.049,2008-09-01,2046-09-01
2024-12-31,entity_demo_001,LOAN-00272,CORPORATE,FIXED_RATE,BUY_TO_LET,25856.81,0.0712,2009-11-01,2030-07-01
2024-12-31,entity_demo_001,LOAN-00273,CONSUMER,VARIABLE_RATE,PRIME,77402.62,0.0556,2013-02-01,2054-06-01
2024-12-31,entity_demo_001,LOAN-00274,MORTGAGES,FIXED_RATE,FIRST_TIME_BUYER,52323.79,0.0664,2014-01-01,2033-06-01
2024-12-31,entity_demo_001,LOAN-00275,CORPORATE,VARIABLE_RATE,NEAR_PRIME,45928.29,0.0462,2010-08-01,2051-11-01
2024-12-31,entity_demo_001,LOAN-00276,MORTGAGES,FIXED_RATE,PRIME,31678.66,0.0359,2010-05-01,2030-04-01
2024-12-31,entity_demo_001,LOAN-00277,MORTGAGES,FIXED_RATE,PRIME,30001.96,0.0439,2014-09-01,2038-07-01
2024-12-31,entity_demo_001,LOAN-00278,CORPORATE,VARIABLE_RATE,SUBPRIME,9718.35,0.0304,2023-11-01,2053-04-01
2024-12-31,entity_demo_001,LOAN-00279,CONSUMER,VARIABLE_RATE,PRIME,308738.25,0.0461,2004-05-01,2039-02-01
2024-12-31,entity_demo_001,LOAN-00280,CONSUMER,VARIABLE_RATE,BUY_TO_LET,119595.24,0.0331,2010-06-01,2041-03-01
2024-12-31,entity_demo_001,LOAN-00281,CONSUMER,VARIABLE_RATE,SUBPRIME,86985.8,0.0343,2008-02-01,2037-12-01
2024-12-31,entity_demo_001,LOAN-00282,CONSUMER,FIXED_RATE,BUY_TO_LET,51354.04,0.0473,2005-09-01,2034-05-01
2024-12-31,entity_demo_001,LOAN-00283,CONSUMER,FIXED_RATE,PRIME,19022.0,0.027,2014-05-01,2050-05-01
2024-12-31,entity_demo_001,LOAN-00284,CONSUMER,VARIABLE_RATE,NEAR_PRIME,24158.2,0.0061,2010-08-01,2040-01-01
2024-12-31,entity_demo_001,LOAN-00285,CORPORATE,VARIABLE_RATE,FIRST_TIME_BUYER,10864.93,0.0227,2011-11-01,2037-01-01
2024-12-31,entity_demo_001,LOAN-00286,MORTGAGES,VARIABLE_RATE,SUBPRIME,27559.77,0.0116,2008-12-01,2054-11-01
2024-12-31,entity_demo_001,LOAN-00287,MORTGAGES,FIXED_RATE,NEAR_PRIME,16352.6,0.0723,2005-08-01,2050-01-01
2024-12-31,entity_demo_001,LOAN-00288,MORTGAGES,FIXED_RATE,NEAR_PRIME,453418.11,0.0652,2004-06-01,2040-07-01
2024-12-31,entity_demo_001,LOAN-00289,CORPORATE,FIXED_RATE,FIRST_TIME_BUYER,172468.12,0.0449,2020-08-01,2050-06-01
2024-12-31,entity_demo_001,LOAN-00290,CONSUMER,VARIABLE_RATE,PRIME,65699.2,0.0373,2006-09-01,2033-06-01
2024-12-31,entity_demo_001,LOAN-00291,CONSUMER,VARIABLE_RATE,SUBPRIME,21299.93,0.046,2017-01-01,2032-12-01
2024-12-31,entity_demo_001,LOAN-00292,MORTGAGES,VARIABLE_RATE,FIRST_TIME_BUYER,17245.47,0.0206,2012-02-01,2046-05-01
2024-12-31,entity_demo_001,LOAN-00293,CONSUMER,VARIABLE_RATE,NEAR_PRIME,47647.89,0.025,2005-12-01,2038-08-01
2024-12-31,entity_demo_001,LOAN-00294,MORTGAGES,FIXED_RATE,NEAR_PRIME,181936.51,0.0349,2022-03-01,2043-12-01
2024-12-31,entity_demo_001,LOAN-00295,CONSUMER,FIXED_RATE,SUBPRIME,592022.53,0.0791,2013-02-01,2051-09-01
2024-12-31,entity_demo_001,LOAN-00296,CORPORATE,VARIABLE_RATE,SUBPRIME,11178.18,0.0106,2019-12-01,2051-12-01
2024-12-31,entity_demo_001,LOAN-00297,CORPORATE,FIXED_RATE,SUBPRIME,117661.02,0.0207,2008-02-01,2036-04-01
2024-12-31,entity_demo_001,LOAN-00298,MORTGAGES,FIXED_RATE,BUY_TO_LET,27425.51,0.0231,2024-09-01,2040-10-01
2024-12-31,entity_demo_001,LOAN-00299,CONSUMER,VARIABLE_RATE,FIRST_TIME_BUYER,33371.23,0.0207,2020-02-01,2048-02-01
2024-12-31,entity_demo_001,LOAN-00300,CONSUMER,VARIABLE_RATE,BUY_TO_LET,63463.86,0.0276,2008-07-01,2042-10-01
2024-12-31,entity_demo_001,LOAN-00301,MORTGAGES,FIXED_RATE,SUBPRIME,22089.55,0.0788,2004-08-01,2031-08-01
2024-12-31,entity_demo_001,LOAN-00302,CORPORATE,VARIABLE_RATE,NEAR_PRIME,44948.04,0.0583,2007-10-01,2049-03-01
2024-12-31,entity_demo_001,LOAN-00303,MORTGAGES,VARIABLE_RATE,FIRST_TIME_BUYER,20149.28,0.0526,2023-09-01,2032-03-01
2024-12-31,entity_demo_001,LOAN-00304,CONSUMER,FIXED_RATE,NEAR_PRIME,29967.67,0.022,2014-04-01,2051-06-01
2024-12-31,entity_demo_001,LOAN-00305,CORPORATE,VARIABLE_RATE,PRIME,148222.45,0.0418,2016-11-01,2035-09-01
2024-12-31,entity_demo_001,LOAN-00306,CONSUMER,FIXED_RATE,SUBPRIME,67453.84,0.05,2005-02-01,2046-09-01
2024-12-31,entity_demo_001,LOAN-00307,CORPORATE,FIXED_RATE,FIRST_TIME_BUYER,147511.96,0.0296,2006-03-01,2033-11-01
2024-12-31,entity_demo_001,LOAN-00308,CORPORATE,VARIABLE_RATE,FIRST_TIME_BUYER,27034.02,0.0228,2023-02-01,2029-01-01
2024-12-31,entity_demo_001,LOAN-00309,CORPORATE,VARIABLE_RATE,NEAR_PRIME,118743.19,0.0284,2006-10-01,2042-11-01
2024-12-31,entity_demo_001,LOAN-00310,MORTGAGES,VARIABLE_RATE,FIRST_TIME_BUYER,8492.59,0.0113,2015-05-01,2049-08-01
2024-12-31,entity_demo_001,LOAN-00311,MORTGAGES,VARIABLE_RATE,SUBPRIME,63430.62,0.0386,2010-12-01,2031-01-01
2024-12-31,entity_demo_001,LOAN-00312,MORTGAGES,VARIABLE_RATE,BUY_TO_LET,128837.98,0.0135,2009-04-01,2043-06-01
2024-12-31,entity_demo_001,LOAN-00313,CORPORATE,FIXED_RATE,SUBPRIME,8153.28,0.0437,2014-06-01,2052-07-01
2024-12-31,entity_demo_001,LOAN-00314,MORTGAGES,VARIABLE_RATE,FIRST_TIME_BUYER,27386.26,0.0235,2007-06-01,2032-04-01
2024-12-31,entity_demo_001,LOAN-00315,CONSUMER,FIXED_RATE,SUBPRIME,63378.4,0.0194,2010-03-01,2036-02-01
2024-12-31,entity_demo_001,LOAN-00316,MORTGAGES,VARIABLE_RATE,BUY_TO_LET,200295.96,0.019,2005-04-01,2042-03-01
2024-12-31,entity_demo_001,LOAN-00317,CONSUMER,VARIABLE_RATE,NEAR_PRIME,29963.34,0.0425,2019-09-01,2044-08-01
2024-12-31,entity_demo_001,LOAN-00318,CONSUMER,VARIABLE_RATE,BUY_TO_LET,113070.3,0.0309,2024-07-01,2031-09-01
2024-12-31,entity_demo_001,LOAN-00319,CONSUMER,FIXED_RATE,NEAR_PRIME,337689.58,0.0388,2006-01-01,2040-01-01
2024-12-31,entity_demo_001,LOAN-00320,CONSUMER,VARIABLE_RATE,FIRST_TIME_BUYER,119669.2,0.0507,2004-08-01,2050-05-01
2024-12-31,entity_demo_001,LOAN-00321,CORPORATE,FIXED_RATE,PRIME,46926.86,0.0776,2011-05-01,2033-12-01
2024-12-31,entity_demo_001,LOAN-00322,CONSUMER,VARIABLE_RATE,SUBPRIME,93468.06,0.0566,2023-01-01,2041-10-01
2024-12-31,entity_demo_001,LOAN-00323,CORPORATE,FIXED_RATE,SUBPRIME,29004.83,0.0227,2007-02-01,2038-07-01
2024-12-31,entity_demo_001,LOAN-00324,CORPORATE,VARIABLE_RATE,FIRST_TIME_BUYER,66430.25,0.0366,2016-11-01,2048-10-01
2024-12-31,entity_demo_001,LOAN-00325,MORTGAGES,FIXED_RATE,PRIME,49671.54,0.0689,2012-06-01,2040-09-01
2024-12-31,entity_demo_001,LOAN-00326,CONSUMER,FIXED_RATE,NEAR_PRIME,89780.51,0.0241,2005-07-01,2045-09-01
2024-12-31,entity_demo_001,LOAN-00327,MORTGAGES,FIXED_RATE,PRIME,36524.83,0.0215,2020-06-01,2051-08-01
2024-12-31,entity_demo_001,LOAN-00328,CORPORATE,VARIABLE_RATE,NEAR_PRIME,96119.03,0.0416,2005-03-01,2045-06-01
2024-12-31,entity_demo_001,LOAN-00329,CORPORATE,VARIABLE_RATE,NEAR_PRIME,36127.82,0.0338,2012-12-01,2048-05-01
2024-12-31,entity_demo_001,LOAN-00330,CORPORATE,VARIABLE_RATE,FIRST_TIME_BUYER,170305.58,0.0266,2008-08-01,2046-12-01
2024-12-31,entity_demo_001,LOAN-00331,CORPORATE,VARIABLE_RATE,BUY_TO_LET,40488.44,0.0499,2024-06-01,2040-11-01
2024-12-31,entity_demo_001,LOAN-00332,MORTGAGES,VARIABLE_RATE,FIRST_TIME_BUYER,5188.76,0.0304,2015-12-01,2054-12-01
2024-12-31,entity_demo_001,LOAN-00333,CORPORATE,FIXED_RATE,FIRST_TIME_BUYER,17859.6,0.0311,2009-11-01,2037-10-01
2024-12-31,entity_demo_001,LOAN-00334,CORPORATE,FIXED_RATE,PRIME,61212.22,0.0263,2006-03-01,2044-09-01
2024-12-31,entity_demo_001,LOAN-00335,CORPORATE,VARIABLE_RATE,NEAR_PRIME,447631.12,0.0545,2017-10-01,2030-12-01
2024-12-31,entity_demo_001,LOAN-00336,MORTGAGES,FIXED_RATE,PRIME,161989.48,0.0735,2010-07-01,2039-03-01
2024-12-31,entity_demo_001,LOAN-00337,CONSUMER,FIXED_RATE,BUY_TO_LET,4215.98,0.0537,2008-10-01,2053-08-01
2024-12-31,entity_demo_001,LOAN-00338,CORPORATE,FIXED_RATE,NEAR_PRIME,10154.75,0.0197,2008-09-01,2035-06-01
2024-12-31,entity_demo_001,LOAN-00339,CORPORATE,VARIABLE_RATE,FIRST_TIME_BUYER,236216.69,0.0487,2012-03-01,2039-08-01
2024-12-31,entity_demo_001,LOAN-00340,CORPORATE,VARIABLE_RATE,FIRST_TIME_BUYER,127942.76,0.0542,2013-12-01,2050-11-01
2024-12-31,entity_demo_001,LOAN-00341,CORPORATE,VARIABLE_RATE,FIRST_TIME_BUYER,913310.72,0.0484,2009-04-01,2035-05-01
2024-12-31,entity_demo_001,LOAN-00342,CORPORATE,VARIABLE_RATE,NEAR_PRIME,34501.81,0.0187,2015-05-01,2053-12-01
2024-12-31,entity_demo_001,LOAN-00343,MORTGAGES,VARIABLE_RATE,SUBPRIME,21594.35,0.0459,2009-09-01,2040-12-01
2024-12-31,entity_demo_001,LOAN-00344,CONSUMER,VARIABLE_RATE,PRIME,65243.36,0.0469,2006-09-01,2050-07-01
2024-12-31,entity_demo_001,LOAN-00345,CONSUMER,VARIABLE_RATE,NEAR_PRIME,33752.54,0.0532,2015-05-01,2030-12-01
2024-12-31,entity_demo_001,LOAN-00346,MORTGAGES,VARIABLE_RATE,BUY_TO_LET,207948.96,0.0111,2004-12-01,2037-08-01
2024-12-31,entity_demo_001,LOAN-00347,MORTGAGES,FIXED_RATE,FIRST_TIME_BUYER,32467.03,0.0693,2016-12-01,2046-05-01
2024-12-31,entity_demo_001,LOAN-00348,MORTGAGES,FIXED_RATE,FIRST_TIME_BUYER,43310.49,0.0658,2006-04-01,2036-01-01
2024-12-31,entity_demo_001,LOAN-00349,CORPORATE,FIXED_RATE,NEAR_PRIME,18499.21,0.0205,2023-07-01,2032-06-01
2024-12-31,entity_demo_001,LOAN-00350,CORPORATE,VARIABLE_RATE,PRIME,148506.85,0.0446,2020-09-01,2029-03-01
2024-12-31,entity_demo_001,LOAN-00351,CONSUMER,VARIABLE_RATE,BUY_TO_LET,19799.3,0.0403,2004-05-01,2035-06-01
2024-12-31,entity_demo_001,LOAN-00352,CONSUMER,FIXED_RATE,PRIME,98333.68,0.0276,2004-04-01,2047-09-01
2024-12-31,entity_demo_001,LOAN-00353,CORPORATE,FIXED_RATE,NEAR_PRIME,569295.54,0.0342,2011-01-01,2034-07-01
2024-12-31,entity_demo_001,LOAN-00354,CONSUMER,FIXED_RATE,SUBPRIME,7083.59,0.0423,2023-05-01,2029-10-01
2024-12-31,entity_demo_001,LOAN-00355,CORPORATE,FIXED_RATE,SUBPRIME,360502.14,0.0763,2015-11-01,2043-09-01
2024-12-31,entity_demo_001,LOAN-00356,CORPORATE,VARIABLE_RATE,NEAR_PRIME,83781.07,0.0328,2008-05-01,2043-04-01
2024-12-31,entity_demo_001,LOAN-00357,MORTGAGES,VARIABLE_RATE,NEAR_PRIME,15512.68,0.0386,2010-05-01,2049-12-01
2024-12-31,entity_demo_001,LOAN-00358,MORTGAGES,FIXED_RATE,SUBPRIME,68273.28,0.0588,2015-11-01,2047-04-01
2024-12-31,entity_demo_001,LOAN-00359,MORTGAGES,VARIABLE_RATE,BUY_TO_LET,143045.77,0.0557,2008-02-01,2039-07-01
2024-12-31,entity_demo_001,LOAN-00360,CORPORATE,FIXED_RATE,NEAR_PRIME,23188.94,0.0503,2020-06-01,2044-04-01
2024-12-31,entity_demo_001,LOAN-00361,MORTGAGES,VARIABLE_RATE,BUY_TO_LET,105425.73,0.0384,2017-05-01,2043-06-01
2024-12-31,entity_demo_001,LOAN-00362,CONSUMER,FIXED_RATE,SUBPRIME,405073.56,0.0754,2004-12-01,2040-04-01
2024-12-31,entity_demo_001,LOAN-00363,MORTGAGES,FIXED_RATE,BUY_TO_LET,32420.34,0.0748,2015-07-01,2034-11-01
2024-12-31,entity_demo_001,LOAN-00364,CORPORATE,VARIABLE_RATE,PRIME,18260.11,0.0592,2004-06-01,2038-10-01
2024-12-31,entity_demo_001,LOAN-00365,MORTGAGES,FIXED_RATE,NEAR_PRIME,51485.51,0.0687,2009-08-01,2033-12-01
2024-12-31,entity_demo_001,LOAN-00366,CORPORATE,VARIABLE_RATE,BUY_TO_LET,64014.82,0.0375,2007-09-01,2044-11-01
2024-12-31,entity_demo_001,LOAN-00367,MORTGAGES,FIXED_RATE,FIRST_TIME_BUYER,222577.32,0.0379,2022-08-01,2045-09-01
2024-12-31,entity_demo_001,LOAN-00368,CORPORATE,VARIABLE_RATE,PRIME,49532.81,0.0492,2006-01-01,2032-09-01
2024-12-31,entity_demo_001,LOAN-00369,CORPORATE,FIXED_RATE,FIRST_TIME_BUYER,35873.09,0.0103,2007-03-01,2033-06-01
2024-12-31,entity_demo_001,LOAN-00370,CORPORATE,VARIABLE_RATE,PRIME,17773.69,0.0346,2018-10-01,2051-08-01
2024-12-31,entity_demo_001,LOAN-00371,MORTGAGES,VARIABLE_RATE,PRIME,8218.74,0.0556,2010-09-01,2033-07-01
2024-12-31,entity_demo_001,LOAN-00372,CONSUMER,FIXED_RATE,FIRST_TIME_BUYER,12734.2,0.0616,2010-05-01,2050-12-01
2024-12-31,entity_demo_001,LOAN-00373,MORTGAGES,VARIABLE_RATE,SUBPRIME,12656.24,0.0299,2024-04-01,2052-10-01
2024-12-31,entity_demo_001,LOAN-00374,MORTGAGES,FIXED_RATE,BUY_TO_LET,43848.26,0.0199,2013-02-01,2051-09-01
2024-12-31,entity_demo_001,LOAN-00375,MORTGAGES,FIXED_RATE,BUY_TO_LET,9859.87,0.0223,2023-07-01,2038-03-01
2024-12-31,entity_demo_001,LOAN-00376,MORTGAGES,VARIABLE_RATE,SUBPRIME,2353.68,0.0553,2012-07-01,2043-07-01
2024-12-31,entity_demo_001,LOAN-00377,MORTGAGES,FIXED_RATE,SUBPRIME,56097.48,0.0354,2021-09-01,2034-07-01
2024-12-31,entity_demo_001,LOAN-00378,CORPORATE,FIXED_RATE,NEAR_PRIME,550590.88,0.0109,2024-01-01,2053-05-01
2024-12-31,entity_demo_001,LOAN-00379,CONSUMER,VARIABLE_RATE,FIRST_TIME_BUYER,231394.2,0.0415,2012-04-01,2036-08-01
2024-12-31,entity_demo_001,LOAN-00380,CONSUMER,FIXED_RATE,SUBPRIME,43361.77,0.016,2018-02-01,2052-01-01
2024-12-31,entity_demo_001,LOAN-00381,CORPORATE,VARIABLE_RATE,FIRST_TIME_BUYER,15869.73,0.0598,2024-04-01,2036-02-01
2024-12-31,entity_demo_001,LOAN-00382,MORTGAGES,FIXED_RATE,BUY_TO_LET,1313271.31,0.0147,2005-12-01,2050-01-01
2024-12-31,entity_demo_001,LOAN-00383,MORTGAGES,FIXED_RATE,BUY_TO_LET,64283.75,0.0625,2010-09-01,2036-04-01
2024-12-31,entity_demo_001,LOAN-00384,MORTGAGES,FIXED_RATE,FIRST_TIME_BUYER,75940.22,0.0244,2015-12-01,2036-10-01
2024-12-31,entity_demo_001,LOAN-00385,CONSUMER,VARIABLE_RATE,NEAR_PRIME,50350.69,0.0155,2015-11-01,2033-09-01
2024-12-31,entity_demo_001,LOAN-00386,MORTGAGES,VARIABLE_RATE,SUBPRIME,57566.5,0.0361,2016-09-01,2030-10-01
2024-12-31,entity_demo_001,LOAN-00387,CORPORATE,FIXED_RATE,BUY_TO_LET,31191.17,0.0146,2007-01-01,2044-06-01
2024-12-31,entity_demo_001,LOAN-00388,CORPORATE,VARIABLE_RATE,FIRST_TIME_BUYER,44091.72,0.0338,2014-07-01,2051-07-01
2024-12-31,entity_demo_001,LOAN-00389,MORTGAGES,VARIABLE_RATE,BUY_TO_LET,363957.21,0.0292,2019-09-01,2053-08-01
2024-12-31,entity_demo_001,LOAN-00390,MORTGAGES,FIXED_RATE,SUBPRIME,267079.66,0.0209,2020-08-01,2054-01-01
2024-12-31,entity_demo_001,LOAN-00391,CORPORATE,VARIABLE_RATE,BUY_TO_LET,4973.76,0.015,2007-03-01,2045-07-01
2024-12-31,entity_demo_001,LOAN-00392,MORTGAGES,VARIABLE_RATE,NEAR_PRIME,11058.85,0.0404,2014-02-01,2049-08-01
2024-12-31,entity_demo_001,LOAN-00393,CONSUMER,FIXED_RATE,FIRST_TIME_BUYER,23543.85,0.0386,2018-05-01,2030-07-01
2024-12-31,entity_demo_001,LOAN-00394,CORPORATE,FIXED_RATE,PRIME,184022.64,0.0119,2018-10-01,2054-12-01
2024-12-31,entity_demo_001,LOAN-00395,CORPORATE,FIXED_RATE,BUY_TO_LET,275368.67,0.0255,2018-05-01,2039-01-01
2024-12-31,entity_demo_001,LOAN-00396,MORTGAGES,FIXED_RATE,PRIME,142344.65,0.0114,2009-12-01,2036-10-01
2024-12-31,entity_demo_001,LOAN-00397,CORPORATE,FIXED_RATE,BUY_TO_LET,15446.5,0.0173,2017-06-01,2046-05-01
2024-12-31,entity_demo_001,LOAN-00398,CONSUMER,VARIABLE_RATE,FIRST_TIME_BUYER,31906.84,0.0409,2004-05-01,2040-05-01
2024-12-31,entity_demo_001,LOAN-00399,CONSUMER,VARIABLE_RATE,BUY_TO_LET,107715.58,0.0181,2021-12-01,2054-08-01
